ID; Sequence; Structure; BP (RNAfold); MFE (RNAfold); EOS (RNAfold); Score; Hamming (native); MFE (PKplex); Structure (PKplex); BP (PKplex); MFE (pKiss); Structure (pKiss); BP (pKiss); P7; Set
8bb685b9-587e-4ad6-b9da-0cefe3aea5fd; GUGUCUUCGCCCGGGAAACCAGUGAAGAACCGUCGGCGACAGGGCGGUAAGCAGACUGCCCAUCUGGGCAGGAGCCGGUCGCCCGCUUGACUCCGGCCAAACGGCCGGCGAUGGCACAGAGACUAAAAGCCGACACUCGACGUGAAAUCACGAGAGUAUUUUAUAGUCCUUCGUCCACUAAUAAGUGGUUUAGCGUG; ...(((((((..((....)).)))))))...((((((....((((((...((...((((((....))))))..))...))))))(((...(.((((((....)))))).)..))).............))))))((((..((((....)))).))))..............((((((((....)))))....)))..; 2; -74.69999694824219; -69.19999694824219; 0.05478002868545004; 106; -75.82; ...(((((((..((....)).)))))))...((((((....((((((...((...((((((....))))))..))...))))))(((...(.((((((....)))))).)..)))..[[.[[[[[...))))))((((..((((....)))).))))......]]]]]]].((((((((....)))))....)))..; 3; -81.3; ...(((((((..((....)).)))))))...[[[[[[....((((((...((...((((((....))))))..))...))))))(((.....((((((....))))))....))).....{{{{{...]]]]]]((((..((((....)))).))))......}}}}}...((((((((....)))))....)))..; 4; TRUE; "minimal"
255ba4ea-b98d-4bb7-9088-238086cb39f3; GUGGCCCCUUGCGUGAAAAUAGAGGGGCCCUCUCGGCUAAACAGCGCUACUCGAACUGCAGAUAUCUGCAGAAGACCCGCGCUGGAGUCAUGCACGGCAUCGGCCGUGGAACCUCAGUGAGACUACGUGCCGAGGCCCAUAGGGAAUUCCCGCGGGUUUUUGUUAGUCCUGGGAAGGGCGUAAGCCCUAAGUACCCG; ..((((((((..((....)).))))))))..((((((....((((((...((...((((((....))))))..))...))))))(((...(.((((((....)))))).)..))).............))))))((((...(((....)))..)))).............(((.(((((....))))).....))).; 2; -81.4000015258789; -74.5; 0.053411146689144005; 120; -84.6; ..(((((((([[[[.......))))))))(((..((((((.((]]]]........((((((....))))))((((((((((..((((((......(((.((((((((((...(((...))).))))).))))).)))......).)))))))))))))))))))))))..))).(((((....))))).........; 89; -87.0; ..[[[[[[[[.{{{{......]]]]]]]].....((((...((((((...((...((((((....))))))..))...)))))).))))...}}}}...((((((((((...(((...))).))))).)))))..[[[[..(((....))).{{{{{............]]]].(((((....)))))....}}}}}; 61; TRUE; "minimal"
f3eadc83-0e07-490a-8888-f63a431503dd; GUGACUCGGUGACGGAAACGAGCCGAGUAAAACCAGCUAAUGCGACAGAAUCUAAGCGUUCAUCAGAGCGUAUGACGGUGUCGCGCCAAACUCGAGGCAGAGGCCUCGCGAAGGCGUAGAGACUAAAUGCUGGUGCCCUAAGCAUAUUUGUAUGGGUUAUCCAUAGUCCCCCGGUCCACGAAAGUGGAGAGUUCGAG; ...(((((((..((....)).)))))))...((((((....((((((...((...((((((....))))))..))...))))))(((...(.((((((....)))))).)..))).............))))))((((...(((....)))..))))..............((((((((....)))))....)))..; 1; -68.0; -66.0; 0.05820302877400053; 92; -68.41; ...(((((((..((....)).)))))))...((((((....((((((...((...((((((....))))))..))...))))))(((...(.((((((....)))))).)..))).....[[[[[...))))))((((...(((....)))..))))......]]]]]...((((((((....)))))....)))..; 2; -72.7; ...(((((((..((....)).)))))))...[[[[[[....((((((...((...((((((....))))))..))...))))))(((.....((((((....))))))....))).....{{{{{...]]]]]]((((...(((....)))..))))......}}}}}...((((((((....)))))....)))..; 3; TRUE; "complete"
4824972c-ff7d-4235-9179-cb179109c920; GUGGCAGGGUGAGCGAAAGUAGCCCUGCGAGAGCCGCUAAUACGUCAGGGGCUAAGCUCGCAGUAGCGAGUAUGCGGAUGGCGUUCCACAGCGAGCAGAUUUCUGCUCUCAAGGAGUAGAGACUAUCUGCGGCUGCGCUAAGCCAAUAGGUAUGCGCUAUUCAUAGUCCUUCCCUCCCGGAAACGGGAUAUUUGGAG; .(.(((((((..((....)).))))))).).((((((....((((((...((...((((((....))))))..))...))))))(((...(.((((((....)))))).)..))).............))))))((((...(((....)))..)))).............(((.(((((....))))).....))).; 2; -74.0999984741211; -72.5999984741211; 0.05104170702296905; 103; -83.04; .(.(((((((..((....)).))))))).).(((((((...((((((...((...((((((....))))))..))[[[))))))]]]..)))..(((((((((((((((...))))))))))...)))))))))((((...(((....)))..)))).........(((.....(((((....))))).....))).; 45; -84.0; ...[[[[[[[..{{{{.....]]]]]]]...((((.((........)).))))....}}}}..[[[[[.......{{{{{{{{{....((((..(((((((((((((((...))))))))))...))))).))))]]]]].(((....)))..}}}}}}}}}....(((.....(((((....))))).....))).; 90; TRUE; "complete"
6aac7312-e09c-427b-8f84-72687256edc6; GUGCAGCGUGGAGCGAAAGCACACGCUGCUAGCCUUUCAUAGCCUCGGUUCCUUUGCACGCGCUAGCGUGUUUGGUUACGAGGCCAGUCAGUCACUCUGUAGAGAGUGUCAUCUGUAUAUUUCCUAAAAAGGGCGCUCAUGGCGACUUCGCCCGAGCUUAUCUAGGAGUUUCGCCGGAUUUAUAUCCGUAUUGCGUG; ..((((((((..((....)).))))))))..((((((....((((((...((...((((((....))))))..))...))))))(((...(.((((((....)))))).)..))).............))))))((((..((((....)))).))))..............((((((((....)))))....)))..; 3; -77.30000305175781; -66.0; 0.14989131266412623; 133; -79.1; ..((((((((..((....)).))))))))..((((((....((((((...((...((((((....))))))..))...))))))(((...(.((((((....)))))).)..))).....[[[[[[..))))))((((..((((....)))).)))).....]]]]]]...((((((((....)))))....)))..; 5; -83.3; ..((((((((..((....)).))))))))..[[[[[[....((((((...((...((((((....))))))..))...))))))(((.....((((((....))))))....))).....{{{{{{..]]]]]]((((..((((....)))).)))).....}}}}}}...((((((((....)))))....)))..; 6; FALSE; "minimal-alt"
f3c35530-4777-4b75-91dd-bf621fd14368; GUGGGAUCAGAACGGAAACGGCUGAUCCUCUUUUUGCUCUAGGUCGUUGGCUGAGCCGCCCAAAUGGGCGGGAAGAAUACGACCGCCUCUAUACGGUCGAAAGACCGUUUCCGGCUAAAUUUCACUCAGCAAAGCCUCAAACGCAAACGCGGAGAGGCGGAUAGUGGGUUACACGCGAGGGUACUCGCAAAAUUGUG; ((((((((((..((....)).))))))).............((((((...((...((((((....))))))..))...))))))(((.....((((((....))))))....)))........(((((.....(((((...(((....)))..)))))......)))))..)))(((((....))))).........; 18; -80.69999694824219; -66.9000015258789; 0.14929003666350923; 122; -82.51; ((((((((((..((....)).)))))))........[[[..((((((...((]]]((((((....))))))..))...))))))(((.....((((((....))))))....)))........(((((.....(((((...(((....)))..)))))......)))))..)))(((((....))))).........; 27; -83.4; ..[[[[[[[[..{{{{{{{{{]]]]]]]]......((((..((((...))))))))(((((....))))).........((((((........)))))).....}}}}}}}}}........[[[[[..{{{{.(((((...(((....)))..)))))....]]]]].......(((((....)))))....}}}}.; 61; FALSE; "minimal-alt"
37fc42b4-71ed-45b2-8eaf-d08356323568; GUGGCCGGGUGACGGAAAUGAGCCCGGCAAAACCAACAAAUCCGGCUGAAGCUAAGCCGCCUAAUGGCGGUAUGCGAAAGCCGGGCCAAAGACCCGCCGAAAGGCGGGCCUAGGCGUAUACUCGAGACGUUGGUCCGCUAAGGCAAAUGCUAUGCGGUAUCCAUUGAGAAGCUCGCCGUGAAAACGGUCUAAAAGCG; ...(((((((..((....)).)))))))...((((((....((((((...((...((((((....))))))..))...))))))(((..((.((((((....)))))).)).))).............))))))((((...(((....)))..)))).............(((.(((((....))))).....))).; 2; -83.0; -77.5999984741211; 0.14947917757100826; 92; -83.39; ...(((((((..((....)).)))))))...((((((....((((((...((...((((((....))))))..))...))))))(((..((.((((((....)))))).)).))).....[[[[[...))))))((((...(((....)))..))))......]]]]]..(((.(((((....))))).....))).; 3; -88.7; ...(((((((..((....)).)))))))...[[[[[[....((((((...((...((((((....))))))..))...))))))(((..((.((((((....)))))).)).))).....{{{{{...]]]]]]((((...(((....)))..))))......}}}}}..(((.(((((....))))).....))).; 3; FALSE; "complete-alt"
a59aa6c3-c5bc-4794-b520-651dc76fe3f9; GUGGCCGGGCGGCCGAAAGGAGCCCGGCAAAGCUUUCGAAUCCGUCCAUAGCUAAGCAGCCUAGUGGCUGUAUGCCCCGGACGGGCCAAACGUACGGGAUACCCCGUGGGGCGGCGUAUAAAAUUAGUGAAGGUGCCCUAAGUCAAUUGAUAUGGGCUACUCAAAUUUAAAUUCCCUCCGAAAGGAGGCCCUUAGCG; ...(((((((..((....)).)))))))...(((.......((((((...((...((((((....))))))..))...))))))(((...(.((((((....)))))).)..)))................(((((((...(((....)))..)))).))).............(((((....))))).....))).; 14; -79.30000305175781; -73.9000015258789; 0.1487824560196726; 103; -79.81; ...(((((((..((....)).)))))))...(((.......((((((...((...((((((....))))))..))...))))))(((...(.(((((([[[[)))))).)..)))]]]]............(((((((...(((....)))..)))).))).............(((((....))))).....))).; 24; -83.6; ...[[[[[[[...{{{{{{..]]]]]]]....}}}}}}...[[[[[[...{{{{{{(((((....)))))...((((.....))))......((((((....))))))]]]]]]......(((((..((.((..((((...(((....)))..))))..)))))))))......(((((....)))))..}}}}}}.; 50; FALSE; "complete-alt"
ecb6edb3-2e36-4e7c-a0c2-12dc65f7fc9a; CAACUUAAGCAGGACGCGGGAAACCAGUCCUGCAAACCACCCAAAUCCGCCCAAGGCUAAGGCCUCGGUAGAGGCUAUGUAACGGGCGGGCCAAAGGGCCCUCGCUGAGUUAGGUGCGAGGGUGCAAGGCGUAGAGACUAAGAGGGUGGGAGCUAAGGCAAGAGCUAUGCUCAAUUCAUAGUCCCGAACACACCGAAAGGUGUCAACAUCGA; ........(((((((..((....)).)))))))...((((((....((((((...((...((((((....))))))..))...))))))(((...(.((((((((..........)))))))).)..))).............))))))((((...(((....)))..))))............(((..(((((....))))).....))).; 2; -88.9000015258789; -83.0; 0.03878944585445802; 102; -91.66; ........(((((((..((....)).)))))))...((((((....((((((...((...((((((....))))))..))...))))))(((...(.((((((((..........)))))))).)..))).....[[[[[.[[))))))((((...(((....)))..))))...]].]]]]].(((..(((((....))))).....))).; 5; -91.8; ........(((((((..((....)).)))))))...[[[[[[....((((((...((...((((((....))))))..))...))))))(((.....((((((((..........))))))))....))).....{{{{{...]]]]]]((((...(((....)))..))))......}}}}}.(((..(((((....))))).....))).; 4; TRUE; "proto"
434b97fb-95fb-4277-ae95-72144ec236dd; GAACGGGGGCAUCUUGCCGGAAACGAGAGAUGCGAAGGACCCAAAUCCGGCCAAAGCUAAGCCUCCGAAGGGAGGUAUGCGAAGGCCGGGCCAUUGCGUGGGCGCUCCUUUUUUUGCGCCCACACUCGGCGUAGAGACUACUCGGGUCCGGCCUAAGGUGUAAACUAUGGCCAUAACAUAGUCCAAUAAGUGGUGAAAGCCACAAUUAAUGA; ........(((((((..((....)).)))))))...((((((....((((((...((...((((((....))))))..))...))))))(((...(.((((((((..........)))))))).)..))).............))))))((((...(((....)))..)))).................(((((....))))).........; 3; -86.9000015258789; -79.0; 0.04971034254242371; 93; -92.07; ........(((((((((((((..((((((..((((.((.......(((((((...((...((((((....))))))..))...))))))))).))))((((((((..........)))))))).((([[[...))).)).))))..))))))..)))))))..((((((]]]....)))))).......(((((....))))).........; 73; -93.7; ....[[[.(((((((..((....)).)))))))...{{{]]]...}}}[[[[...((...((((((....))))))..))..{{{{{{]]]].....((((((((..........)))))))).(((((.((((...)))))))))..}}}}}}..[[[....{{{{{{]]]....}}}}}}.......(((((....))))).........; 66; TRUE; "proto"
